{
  "last_snapshot": 36,
  "last_data": {
    "uft_median": 60288
  },
  "count": 36,
  "last_spot": 60446.315,
  "last_fr": 0.009634380535559999,
  "last_ls": 0,
  "last_oi": 3.2097,
  "hard_triggers": [
    "FR\u7a7f\u8d8a+0.005%\uff08+0.00399\u2192+0.00963\uff09",
    "OI\u8df3\u52d5+679\u5f35\uff083.28\u21923.21\u842c\uff09"
  ],
  "last_trigger_ts": "2026-07-01T21:23:12.450268+00:00"
}