{
  "last_snapshot": 34,
  "last_data": {
    "uft_median": 60288
  },
  "count": 34,
  "last_spot": 58637.315,
  "last_fr": 0.00452483342557,
  "last_ls": 0,
  "last_oi": 3.4257,
  "hard_triggers": [
    "FR\u7a7f\u8d8a+0.005%\uff08+0.00698\u2192+0.00452\uff09"
  ],
  "last_trigger_ts": "2026-07-01T11:19:56.797398+00:00"
}